﻿{
    "title": "补贴申请单",
    "header": [
        {
            "key": "申请人",
            "value": "#valueof($.ApplyUser)"
        },
        {
            "key": "申请日期",
            "value": "#valueof($.ApplyDate)"
        },
        {
            "key": "出差时间",
            "value": "#valueof($.OutDate)"
        },
        {
            "key": "出差地址",
            "value": "#valueof($.Destination)"
        },
        {
            "key": "出差事由",
            "value": "#valueof($.DocumentTitle)"
        }
    ],
    "sections": [
        {
            "multiple": false,
            "key": "部门审批",
            "data": [
                {
                    "user": "#valueof($.deptUser)",
                    "text": "#valueof($.deptOpinion)",
                    "time": "#valueof($.deptDate)"
                }
            ]
        },
        {
            "multiple": false,
            "key": "分管领导审批",
            "data": [
                {
                    "user": "#valueof($.leaderUser)",
                    "text": "#valueof($.leaderOpinion)",
                    "time": "#valueof($.leaderDate)"
                }
            ]
        }
    ]
}
