﻿{
    "mid": "#valueof($.mid)",
    "nid": "#valueof($.nid)",
    "sid": "#valueof($.sid)",
    "attachments": [
        {
            "documentTitle": "#valueof($.DocumentTitle)",
            "data": "#customfunction(DeptOA, DeptOA.Common.TransformUtil.TransformArray, #valueof($.attachments))"
        },
        {
            "documentTitle": "科室承办",
            "data": "#customfunction(DeptOA, DeptOA.Common.TransformUtil.TransformArray,#valueof($.detpAttachments))"
        }
    ]
}
