﻿{
    "title": "咨询投诉",
    "header": [
        {
            "key": "案件来源",
            "value": "#valueof($.CaseSource)"
        },
        {
            "key": "编号",
            "value": "#valueof($.CaseNo)"
        },
        {
            "key": "投诉人",
            "value": "#valueof($.ComplaintUser)"
        },
        {
            "key": "受理人",
            "value": "#valueof($.ReceiveUser)"
        },
        {
            "key": "联系方式",
            "value": "#valueof($.ContactInfo)"
        },
        {
            "key": "接收日期",
            "value": "#valueof($.ReceiveDate)"
        },
        {
            "key": "预警日期",
            "value": "#valueof($.AlarmDate)"
        },
        {
            "key": "标题",
            "value": "#valueof($.DocumentTitle)"
        },
        {
            "key": "反馈主要问题",
            "value": "#valueof($.Issue)"
        }
    ],
    "sections": [
        {
            "multiple": false,
            "key": "办公室审核",
            "data": [
                {
                    "user": "#valueof($.OfficeUser)",
                    "text": "#valueof($.OfficeOpinion)",
                    "time": "#valueof($.OfficeDate)"
                }
            ]
        },
        {
            "multiple": false,
            "key": "领导批示",
            "data": [
                {
                    "user": "#valueof($.LeaderUser)",
                    "text": "#valueof($.LeaderOpinion)",
                    "time": "#valueof($.LeaderDate)"
                }
            ]
        },
        {
            "multiple": false,
            "key": "分管领导",
            "data": [
                {
                    "user": "#valueof($.SubLeaderUser)",
                    "text": "#valueof($.SubLeaderOpinion)",
                    "time": "#valueof($.SubLeaderDate)"
                }
            ]
        },
        {
            "multiple": false,
            "key": "部门分发",
            "data": [
                {
                    "user": "#valueof($.DeptDistUser)",
                    "text": "#valueof($.DeptDistOpinion)",
                    "time": "#valueof($.DeptDistDate)"
                }
            ]
        },
        {
            "multiple": false,
            "key": "经办人处理",
            "data": [
                {
                    "user": "#valueof($.HandleUser)",
                    "text": "#valueof($.HandleOpinion)",
                    "time": "#valueof($.HandleDate)"
                }
            ]
        },
        {
            "multiple": false,
            "key": "部门负责人审核",
            "data": [
                {
                    "user": "#valueof($.DeptAuditUser)",
                    "text": "#valueof($.DeptAuditOpinion)",
                    "time": "#valueof($.DeptAuditDate)"
                }
            ]
        },
        {
            "multiple": false,
            "key": "分管领导审核",
            "data": [
                {
                    "user": "#valueof($.SubLeaderAuditUser)",
                    "text": "#valueof($.SubLeaderAuditOpinion)",
                    "time": "#valueof($.SubLeaderAuditDate)"
                }
            ]
        },
        {
            "multiple": false,
            "key": "办公室结",
            "data": [
                {
                    "user": "#valueof($.OfficeAuditUser)",
                    "text": "#valueof($.OfficeAuditOpinion)",
                    "time": "#valueof($.OfficeAuditDate)"
                }
            ]
        }
    ]
}
