﻿{
    "table": "DEP_ReceiveFile_ZhuJian",
    "values": {
        "mappings": [
            {
                "key": "NODE0001",
                "value": [
                    {
                        "key": "DocumentTitle",
                        "value": {
                            "row": 11,
                            "col": 4
                        }
                    },
                    {
                        "key": "ClosedOrHairTime",
                        "value": {
                            "row": 9,
                            "col": 9
                        }
                    }
                ]
            }
        ],
        "actions": [
            {
                "key": "NODE0002",
                "value": [
                    {
                        "key": "showReadedButton",
                        "value": {
                            "show": false,
                            "col": 0,
                            "row": 0,
                            "targetNodeKey": ""
                        }
                    },
                    {
                        "key": "needOpinion",
                        "value": {
                            "show": true,
                            "col": 6,
                            "row": 14,
                            "targetNodeKey": ""
                        }
                    }
                ]
            },
            {
                "key": "NODE0003",
                "value": [
                    {
                        "key": "showReadedButton",
                        "value": {
                            "show": false,
                            "col": 0,
                            "row": 0,
                            "targetNodeKey": ""
                        }
                    },
                    {
                        "key": "needOpinion",
                        "value": {
                            "show": true,
                            "col": 6,
                            "row": 16,
                            "targetNodeKey": ""
                        }
                    }
                ]
            },
            {
                "key": "NODE0004",
                "value": [
                    {
                        "key": "showReadedButton",
                        "value": {
                            "show": false,
                            "col": 0,
                            "row": 0,
                            "targetNodeKey": ""
                        }
                    },
                    {
                        "key": "needOpinion",
                        "value": {
                            "show": true,
                            "col": 6,
                            "row": 18,
                            "targetNodeKey": ""
                        }
                    }
                ]
            },
            {
                "key": "NODE0005",
                "value": [
                    {
                        "key": "showReadedButton",
                        "value": {
                            "show": false,
                            "col": 0,
                            "row": 0,
                            "targetNodeKey": ""
                        }
                    },
                    {
                        "key": "needOpinion",
                        "value": {
                            "show": true,
                            "col": 6,
                            "row": 20,
                            "targetNodeKey": ""
                        }
                    }
                ]
            },
            {
                "key": "NODE0006",
                "value": [
                    {
                        "key": "showReadedButton",
                        "value": {
                            "show": false,
                            "col": 0,
                            "row": 0,
                            "targetNodeKey": ""
                        }
                    },
                    {
                        "key": "needOpinion",
                        "value": {
                            "show": true,
                            "col": 4,
                            "row": 21,
                            "targetNodeKey": ""
                        }
                    }
                ]
            },
            {
                "key": "NODE0007",
                "value": [
                    {
                        "key": "showReadedButton",
                        "value": {
                            "show": false,
                            "col": 0,
                            "row": 0,
                            "targetNodeKey": ""
                        }
                    },
                    {
                        "key": "needOpinion",
                        "value": {
                            "show": true,
                            "col": 6,
                            "row": 24,
                            "targetNodeKey": ""
                        }
                    }
                ]
            },
            {
                "key": "NODE0008",
                "value": [
                    {
                        "key": "showReadedButton",
                        "value": {
                            "show": false,
                            "col": 0,
                            "row": 0,
                            "targetNodeKey": ""
                        }
                    },
                    {
                        "key": "needOpinion",
                        "value": {
                            "show": true,
                            "col": 6,
                            "row": 26,
                            "targetNodeKey": ""
                        }
                    }
                ]
            },
            {
                "key": "NODE0009",
                "value": [
                    {
                        "key": "showReadedButton",
                        "value": {
                            "show": false,
                            "col": 0,
                            "row": 0,
                            "targetNodeKey": ""
                        }
                    },
                    {
                        "key": "needOpinion",
                        "value": {
                            "show": true,
                            "col": 6,
                            "row": 28,
                            "targetNodeKey": ""
                        }
                    }
                ]
            },
            {
                "key": "NODE0010",
                "value": [
                    {
                        "key": "showReadedButton",
                        "value": {
                            "show": false,
                            "col": 0,
                            "row": 0,
                            "targetNodeKey": ""
                        }
                    },
                    {
                        "key": "needOpinion",
                        "value": {
                            "show": false,
                            "col": 0,
                            "row": 0,
                            "targetNodeKey": ""
                        }
                    }
                ]
            }
        ],
        "inputTypes": [
            {
                "key": "NODE0002",
                "value": {
                    "type": "text",
                    "extra": null
                }
            },
            {
                "key": "NODE0003",
                "value": {
                    "type": "text",
                    "extra": null
                }
            },
            {
                "key": "NODE0004",
                "value": {
                    "type": "text",
                    "extra": null
                }
            },
            {
                "key": "NODE0005",
                "value": {
                    "type": "text",
                    "extra": null
                }
            },
            {
                "key": "NODE0006",
                "value": {
                    "type": "text",
                    "extra": null
                }
            },
            {
                "key": "NODE0007",
                "value": {
                    "type": "text",
                    "extra": null
                }
            },
            {
                "key": "NODE0008",
                "value": {
                    "type": "text",
                    "extra": null
                }
            },
            {
                "key": "NODE0009",
                "value": {
                    "type": "text",
                    "extra": null
                }
            },
            {
                "key": "NODE0010",
                "value": {
                    "type": "text",
                    "extra": null
                }
            }
        ],
        "details": [
            {
                "key": "CaseSource",
                "value": {
                    "row": 7,
                    "col": 4
                },
                "type": 0
            },
            {
                "key": "CaseNo",
                "value": {
                    "row": 7,
                    "col": 9
                },
                "type": 0
            },
            {
                "key": "ComplaintUser",
                "value": {
                    "row": 8,
                    "col": 4
                },
                "type": 0
            },
            {
                "key": "ReceiveUser",
                "value": {
                    "row": 8,
                    "col": 9
                },
                "type": 0
            },
            {
                "key": "ContactInfo",
                "value": {
                    "row": 9,
                    "col": 4
                },
                "type": 0
            },
            {
                "key": "ReceiveDate",
                "value": {
                    "row": 9,
                    "col": 9
                },
                "type": 0
            },
            {
                "key": "AlarmDate",
                "value": {
                    "row": 10,
                    "col": 4
                },
                "type": 0
            },
            {
                "key": "DocumentTitle",
                "value": {
                    "row": 11,
                    "col": 4
                },
                "type": 0
            },
            {
                "key": "Issue",
                "value": {
                    "row": 12,
                    "col": 4
                },
                "type": 0
            },
            {
                "key": "OfficeUser",
                "value": {
                    "row": 13,
                    "col": 6
                },
                "type": 0
            },
            {
                "key": "OfficeDate",
                "value": {
                    "row": 13,
                    "col": 10
                },
                "type": 0
            },
            {
                "key": "OfficeOpinion",
                "value": {
                    "row": 14,
                    "col": 6
                },
                "type": 0
            },
            {
                "key": "LeaderUser",
                "value": {
                    "row": 15,
                    "col": 6
                },
                "type": 0
            },
            {
                "key": "LeaderDate",
                "value": {
                    "row": 15,
                    "col": 10
                },
                "type": 0
            },
            {
                "key": "LeaderOpinion",
                "value": {
                    "row": 16,
                    "col": 6
                },
                "type": 0
            },
            {
                "key": "SubLeaderUser",
                "value": {
                    "row": 17,
                    "col": 6
                },
                "type": 0
            },
            {
                "key": "SubLeaderDate",
                "value": {
                    "row": 17,
                    "col": 10
                },
                "type": 0
            },
            {
                "key": "SubLeaderOpinion",
                "value": {
                    "row": 18,
                    "col": 6
                },
                "type": 0
            },
            {
                "key": "DeptDistUser",
                "value": {
                    "row": 19,
                    "col": 6
                },
                "type": 0
            },
            {
                "key": "DeptDistDate",
                "value": {
                    "row": 19,
                    "col": 10
                },
                "type": 0
            },
            {
                "key": "DeptDistOpinion",
                "value": {
                    "row": 20,
                    "col": 6
                },
                "type": 0
            },
            {
                "key": "HandleUser",
                "value": {
                    "row": 22,
                    "col": 6
                },
                "type": 0
            },
            {
                "key": "HandleDate",
                "value": {
                    "row": 22,
                    "col": 10
                },
                "type": 0
            },
            {
                "key": "HandleOpinion",
                "value": {
                    "row": 21,
                    "col": 4
                },
                "type": 0
            },
            {
                "key": "DeptAuditUser",
                "value": {
                    "row": 23,
                    "col": 6
                },
                "type": 0
            },
            {
                "key": "DeptAuditDate",
                "value": {
                    "row": 23,
                    "col": 10
                },
                "type": 0
            },
            {
                "key": "DeptAuditOpinion",
                "value": {
                    "row": 24,
                    "col": 6
                },
                "type": 0
            },
            {
                "key": "SubLeaderAuditUser",
                "value": {
                    "row": 25,
                    "col": 6
                },
                "type": 0
            },
            {
                "key": "SubLeaderAuditDate",
                "value": {
                    "row": 25,
                    "col": 10
                },
                "type": 0
            },
            {
                "key": "SubLeaderAuditOpinion",
                "value": {
                    "row": 26,
                    "col": 6
                },
                "type": 0
            },
            {
                "key": "OfficeAuditUser",
                "value": {
                    "row": 27,
                    "col": 6
                },
                "type": 0
            },
            {
                "key": "OfficeAuditDate",
                "value": {
                    "row": 27,
                    "col": 10
                },
                "type": 0
            },
            {
                "key": "OfficeAuditOpinion",
                "value": {
                    "row": 28,
                    "col": 6
                },
                "type": 0
            }
        ],
        "controls": [
            {
                "key": "NODE0002",
                "value": {
                    "saveCell": [
                        {
                            "type": "name",
                            "row": 13,
                            "col": 6
                        },
                        {
                            "type": "date",
                            "row": 13,
                            "col": 10
                        }
                    ]
                }
            },
            {
                "key": "NODE0003",
                "value": {
                    "saveCell": [
                        {
                            "type": "name",
                            "row": 15,
                            "col": 6
                        },
                        {
                            "type": "date",
                            "row": 15,
                            "col": 10
                        }
                    ]
                }
            },
            {
                "key": "NODE0004",
                "value": {
                    "saveCell": [
                        {
                            "type": "name",
                            "row": 17,
                            "col": 6
                        },
                        {
                            "type": "date",
                            "row": 17,
                            "col": 10
                        }
                    ]
                }
            },
            {
                "key": "NODE0005",
                "value": {
                    "saveCell": [
                        {
                            "type": "name",
                            "row": 19,
                            "col": 6
                        },
                        {
                            "type": "date",
                            "row": 19,
                            "col": 10
                        }
                    ]
                }
            },
            {
                "key": "NODE0006",
                "value": {
                    "saveCell": [
                        {
                            "type": "name",
                            "row": 22,
                            "col": 6
                        },
                        {
                            "type": "date",
                            "row": 22,
                            "col": 10
                        }
                    ]
                }
            },
            {
                "key": "NODE0007",
                "value": {
                    "saveCell": [
                        {
                            "type": "name",
                            "row": 23,
                            "col": 6
                        },
                        {
                            "type": "date",
                            "row": 23,
                            "col": 10
                        }
                    ]
                }
            },
            {
                "key": "NODE0008",
                "value": {
                    "saveCell": [
                        {
                            "type": "name",
                            "row": 25,
                            "col": 6
                        },
                        {
                            "type": "date",
                            "row": 25,
                            "col": 10
                        }
                    ]
                }
            },
            {
                "key": "NODE0009",
                "value": {
                    "saveCell": [
                        {
                            "type": "name",
                            "row": 27,
                            "col": 6
                        },
                        {
                            "type": "date",
                            "row": 27,
                            "col": 10
                        }
                    ]
                }
            }
        ]
    }
}
