{
    "table": "DEP_ReceiveFile_KeXin",
    "values": {
        "mappings": [
            {
                "key": "NODE0001",
                "value": [
                    {
                        "key": "DocumentTitle",
                        "value": {
                            "row": 7,
                            "col": 4
                        }
                    },
                    {
                        "key": "ClosedOrHairTime",
                        "value": {
                            "row": 4,
                            "col": 8
                        }
                    }
                ]
            },
            {
                "key": "NODE0002",
                "value": []
            }
        ],
        "actions": [
            {
                "key": "NODE0002",
                "value": [
                    {
                        "key": "showReadedButton",
                        "value": {
                            "show": false,
                            "col": 0,
                            "row": 0,
                            "targetNodeKey": ""
                        }
                    },
                    {
                        "key": "needOpinion",
                        "value": {
                            "show": true,
                            "col": 4,
                            "row": 9,
                            "targetNodeKey": ""
                        }
                    }
                ]
            },
            {
                "key": "NODE0003",
                "value": [
                    {
                        "key": "showReadedButton",
                        "value": {
                            "show": false,
                            "col": 0,
                            "row": 0,
                            "targetNodeKey": ""
                        }
                    },
                    {
                        "key": "needOpinion",
                        "value": {
                            "show": false,
                            "col": 0,
                            "row": 0,
                            "targetNodeKey": ""
                        }
                    }
                ]
            },
            {
                "key": "NODE0004",
                "value": [
                    {
                        "key": "showReadedButton",
                        "value": {
                            "show": true,
                            "col": 4,
                            "row": 11,
                            "targetNodeKey": "NODE0003"
                        }
                    },
                    {
                        "key": "needOpinion",
                        "value": {
                            "show": true,
                            "col": 4,
                            "row": 11,
                            "targetNodeKey": ""
                        }
                    }
                ]
            },
            {
                "key": "NODE0005",
                "value": [
                    {
                        "key": "showReadedButton",
                        "value": {
                            "show": true,
                            "col": 4,
                            "row": 13,
                            "targetNodeKey": "NODE0003"
                        }
                    },
                    {
                        "key": "needOpinion",
                        "value": {
                            "show": true,
                            "col": 4,
                            "row": 13,
                            "targetNodeKey": ""
                        }
                    }
                ]
            },
            {
                "key": "NODE0007",
                "value": [
                    {
                        "key": "showReadedButton",
                        "value": {
                            "show": false,
                            "col": 0,
                            "row": 0,
                            "targetNodeKey": ""
                        }
                    },
                    {
                        "key": "needOpinion",
                        "value": {
                            "show": false,
                            "col": 0,
                            "row": 0,
                            "targetNodeKey": ""
                        }
                    }
                ]
            },
            {
                "key": "NODE0009",
                "value": [
                    {
                        "key": "showReadedButton",
                        "value": {
                            "show": false,
                            "col": 0,
                            "row": 0,
                            "targetNodeKey": ""
                        }
                    },
                    {
                        "key": "needOpinion",
                        "value": {
                            "show": false,
                            "col": 0,
                            "row": 0,
                            "targetNodeKey": ""
                        }
                    }
                ]
            }
        ],
        "inputTypes": [
            {
                "key": "NODE0002",
                "value": {
                    "type": "text",
                    "extra": null
                }
            },
            {
                "key": "NODE0003",
                "value": {
                    "type": "text",
                    "extra": null
                }
            },
            {
                "key": "NODE0004",
                "value": {
                    "type": "text",
                    "extra": null
                }
            },
            {
                "key": "NODE0005",
                "value": {
                    "type": "text",
                    "extra": null
                }
            },
            {
                "key": "NODE0007",
                "value": {
                    "type": "text",
                    "extra": null
                }
            },
            {
                "key": "NODE0009",
                "value": {
                    "type": "text",
                    "extra": null
                }
            }
        ],
        "details": [
            {
                "key": "ReceivedDocumentUnit",
                "value": {
                    "row": 4,
                    "col": 4
                },
                "type": 0
            },
            {
                "key": "DocumentNumber",
                "value": {
                    "row": 5,
                    "col": 4
                },
                "type": 0
            },
            {
                "key": "ClosedOrHairTime",
                "value": {
                    "row": 4,
                    "col": 8
                },
                "type": 0
            },
            {
                "key": "DocumentTitle",
                "value": {
                    "row": 7,
                    "col": 4
                },
                "type": 0
            },
            {
                "key": "attachments",
                "value": {
                    "row": 8,
                    "col": 4
                },
                "type": 10
            },
            {
                "key": "nibanOpinion",
                "value": {
                    "row": 9,
                    "col": 4
                },
                "type": 0
            },
            {
                "key": "nibanUser",
                "value": {
                    "row": 10,
                    "col": 5
                },
                "type": 0
            },
            {
                "key": "nibanTime",
                "value": {
                    "row": 10,
                    "col": 8
                },
                "type": 0
            },
            {
                "key": "leaderOpinion",
                "value": {
                    "row": 11,
                    "col": 4
                },
                "type": 1
            },
            {
                "key": "deptOpinion",
                "value": {
                    "row": 13,
                    "col": 4
                },
                "type": 1
            },
            {
                "key": "detpAttachments",
                "value": {
                    "row": 15,
                    "col": 4
                },
                "type": 10
            }
        ],
        "controls": [
            {
                "key": "NODE0002",
                "value": {
                    "saveCell": [
                        {
                            "type": "name",
                            "row": 10,
                            "col": 5
                        },
                        {
                            "type": "date",
                            "row": 10,
                            "col": 8
                        }
                    ]
                }
            }
        ]
    }
}
