﻿{
    "opinions": [
        {
            "node": "NODE0002",
            "key": "nibanOpinion",
            "order": "",
            "value": {
                "row": 9,
                "col": 4
            },
            "type": 0
        },
        {
            "node": "NODE0004",
            "key": "leaderOpinion",
            "order": "DESC",
            "value": {
                "row": 11,
                "col": 4
            },
            "type": 1
        },
        {
            "node": "NODE0005",
            "key": "deptOpinion",
            "order": "ASC",
            "value": {
                "row": 13,
                "col": 4
            },
            "type": 1
        }
    ]
}
