{
    "workflows": [
        {
            "dept": "5564aaf9-f660-432a-bab8-4c76bbcb166d",
            "flows": [
                "0157fcbc-513f-49ab-90e8-c23cda58f750",
                "735d333f-d695-4199-9b42-bc65e8ee6a33",
                "0d55bf97-b605-41e0-aed2-cd13fb77c48d",
                "6f1f4d88-8656-417e-9e95-5dd737930b7b"
            ]
        },
        {
            "dept": "cdd87aee-aa7b-4760-8203-3c3246911f0e",
            "flows": [
                "ffe39e9e-19d7-4f3b-a3d6-28e104206937",
                "390fd974-8155-4500-883c-60e96631d589"
            ]
        }
    ]
}
